"userid","kept","alloc_type","message"
154,TRUE,"Late_High","YES"
157,TRUE,"Late_High","YES"
161,TRUE,"Late_High","YES"
166,TRUE,"Late_High","YES"
169,TRUE,"Late_High","YES"
174,TRUE,"Late_High","YES"
178,TRUE,"Late_High","YES"
185,TRUE,"Late_High","YES"
190,TRUE,"Late_High","YES"
191,TRUE,"Late_High","YES"
195,TRUE,"Late_High","YES"
211,TRUE,"Late_High","YES"
228,TRUE,"Late_High","YES"
230,TRUE,"Late_High","YES"
235,TRUE,"Late_High","YES"
242,TRUE,"Late_High","YES"
245,TRUE,"Late_High","YES"
248,TRUE,"Late_High","YES"
251,TRUE,"Late_High","YES"
260,TRUE,"Late_High","YES"
265,TRUE,"Late_High","YES"
271,TRUE,"Late_High","YES"
272,TRUE,"Late_High","YES"
276,TRUE,"Late_High","YES"
277,TRUE,"Late_High","YES"
278,TRUE,"Late_High","YES"
280,FALSE,"Late_High","YES"
285,TRUE,"Late_High","YES"
289,TRUE,"Late_High","YES"
294,FALSE,"Late_High","YES"
307,TRUE,"Late_High","YES"
332,TRUE,"Late_High","YES"
339,TRUE,"Late_High","YES"
342,TRUE,"Late_High","YES"
355,FALSE,"Late_High","YES"
363,TRUE,"Late_High","YES"
369,FALSE,"Late_High","YES"
370,TRUE,"Late_High","YES"
373,TRUE,"Late_High","YES"
375,TRUE,"Late_High","YES"
383,FALSE,"Late_High","YES"
392,TRUE,"Late_High","YES"
393,TRUE,"Late_High","YES"
416,TRUE,"Late_High","YES"
441,TRUE,"Late_High","YES"
454,TRUE,"Late_High","YES"
467,TRUE,"Late_High","YES"
469,TRUE,"Late_High","YES"
474,TRUE,"Late_High","YES"
475,TRUE,"Late_High","YES"
480,TRUE,"Late_High","YES"
484,TRUE,"Late_High","YES"
488,TRUE,"Late_High","YES"
502,TRUE,"Late_High","YES"
503,TRUE,"Late_High","YES"
512,TRUE,"Late_High","YES"
527,TRUE,"Late_High","YES"
528,TRUE,"Late_High","YES"
532,TRUE,"Late_High","YES"
534,FALSE,"Late_High","YES"
538,TRUE,"Late_High","YES"
542,TRUE,"Late_High","YES"
549,FALSE,"Late_High","YES"
551,FALSE,"Late_High","YES"
555,FALSE,"Late_High","YES"
563,TRUE,"Late_High","YES"
571,FALSE,"Late_High","YES"
572,TRUE,"Late_High","YES"
575,TRUE,"Late_High","YES"
581,FALSE,"Late_High","YES"
586,TRUE,"Late_High","YES"
587,FALSE,"Late_High","YES"
591,TRUE,"Late_High","YES"
593,TRUE,"Late_High","YES"
594,TRUE,"Late_High","YES"
596,TRUE,"Late_High","YES"
598,FALSE,"Late_High","YES"
604,TRUE,"Late_High","YES"
613,TRUE,"Late_High","YES"
614,TRUE,"Late_High","YES"
616,TRUE,"Late_High","YES"
617,TRUE,"Late_High","YES"
630,TRUE,"Late_High","YES"
642,TRUE,"Late_High","YES"
648,TRUE,"Late_High","YES"
649,TRUE,"Late_High","YES"
652,TRUE,"Late_High","YES"
653,TRUE,"Late_High","YES"
674,TRUE,"Late_High","YES"
681,TRUE,"Late_High","YES"
688,TRUE,"Late_High","YES"
692,TRUE,"Late_High","YES"
694,TRUE,"Late_High","YES"
700,TRUE,"Late_High","YES"
707,TRUE,"Late_High","YES"
711,TRUE,"Late_High","YES"
713,TRUE,"Late_High","YES"
718,TRUE,"Late_High","YES"
722,TRUE,"Late_High","YES"
732,TRUE,"Late_High","YES"
734,TRUE,"Late_High","YES"
737,TRUE,"Late_High","YES"
746,TRUE,"Late_High","YES"
750,TRUE,"Late_High","YES"
753,TRUE,"Late_High","YES"
759,TRUE,"Late_High","YES"
760,TRUE,"Late_High","YES"
767,FALSE,"Late_High","YES"
783,TRUE,"Late_High","YES"
784,TRUE,"Late_High","YES"
787,FALSE,"Late_High","YES"
788,TRUE,"Late_High","YES"
798,FALSE,"Late_High","YES"
801,TRUE,"Late_High","YES"
802,TRUE,"Late_High","YES"
803,TRUE,"Late_High","YES"
804,TRUE,"Late_High","YES"
822,TRUE,"Late_High","YES"
827,TRUE,"Late_High","YES"
844,TRUE,"Late_High","YES"
846,TRUE,"Late_High","YES"
848,TRUE,"Late_High","YES"
849,TRUE,"Late_High","YES"
850,TRUE,"Late_High","YES"
857,TRUE,"Late_High","YES"
859,TRUE,"Late_High","YES"
864,TRUE,"Late_High","YES"
865,TRUE,"Late_High","YES"
866,TRUE,"Late_High","YES"
875,TRUE,"Late_High","YES"
880,TRUE,"Late_High","YES"
885,TRUE,"Late_High","YES"
887,TRUE,"Late_High","YES"
891,TRUE,"Late_High","YES"
909,TRUE,"Late_High","YES"
910,TRUE,"Late_High","YES"
936,TRUE,"Late_High","YES"
942,TRUE,"Late_High","YES"
949,TRUE,"Late_High","YES"
952,TRUE,"Late_High","YES"
964,TRUE,"Late_High","YES"
972,FALSE,"Late_High","YES"
990,TRUE,"Late_High","YES"
991,TRUE,"Late_High","YES"
993,TRUE,"Late_High","YES"
994,TRUE,"Late_High","YES"
1006,TRUE,"Late_High","YES"
1011,TRUE,"Late_High","YES"
1016,TRUE,"Late_High","YES"
1019,TRUE,"Late_High","YES"
1023,TRUE,"Late_High","YES"
1032,TRUE,"Late_High","YES"
1039,TRUE,"Late_High","YES"
1047,TRUE,"Late_High","YES"
1065,FALSE,"Late_High","YES"
1069,TRUE,"Late_High","YES"
1070,FALSE,"Late_High","YES"
1080,TRUE,"Late_High","YES"
1082,TRUE,"Late_High","YES"
1086,TRUE,"Late_High","YES"
1097,TRUE,"Late_High","YES"
1102,TRUE,"Late_High","YES"
1106,TRUE,"Late_High","YES"
1124,TRUE,"Late_High","YES"
1126,TRUE,"Late_High","YES"
1128,TRUE,"Late_High","YES"
1147,TRUE,"Late_High","YES"
1162,TRUE,"Late_High","YES"
1163,FALSE,"Late_High","YES"
1166,FALSE,"Late_High","YES"
1183,TRUE,"Late_High","YES"
1205,TRUE,"Late_High","YES"
1208,TRUE,"Late_High","YES"
1214,FALSE,"Late_High","YES"
1225,TRUE,"Late_High","YES"
1230,TRUE,"Late_High","YES"
1232,TRUE,"Late_High","YES"
1233,FALSE,"Late_High","YES"
1234,TRUE,"Late_High","YES"
1238,TRUE,"Late_High","YES"
1239,TRUE,"Late_High","YES"
1244,TRUE,"Late_High","YES"
1271,TRUE,"Late_High","YES"
1285,TRUE,"Late_High","YES"
1297,TRUE,"Late_High","YES"
1315,TRUE,"Late_High","YES"
1318,TRUE,"Late_High","YES"
1334,TRUE,"Late_High","YES"
1343,TRUE,"Late_High","YES"
1346,TRUE,"Late_High","YES"
1366,TRUE,"Late_High","YES"
1377,TRUE,"Late_High","YES"
1378,TRUE,"Late_High","YES"
1381,FALSE,"Late_High","YES"
1382,FALSE,"Late_High","YES"
1388,FALSE,"Late_High","YES"
1394,TRUE,"Late_High","YES"
1395,TRUE,"Late_High","YES"
1408,TRUE,"Late_High","YES"
1415,FALSE,"Late_High","YES"
1418,TRUE,"Late_High","YES"
1423,FALSE,"Late_High","YES"
1424,TRUE,"Late_High","YES"
1431,TRUE,"Late_High","YES"
1432,FALSE,"Late_High","YES"
1433,TRUE,"Late_High","YES"
1458,TRUE,"Late_High","YES"
1462,TRUE,"Late_High","YES"
1471,TRUE,"Late_High","YES"
1476,TRUE,"Late_High","YES"
1481,TRUE,"Late_High","YES"
1484,TRUE,"Late_High","YES"
1486,TRUE,"Late_High","YES"
1489,TRUE,"Late_High","YES"
1495,TRUE,"Late_High","YES"
1501,TRUE,"Late_High","YES"
1511,TRUE,"Late_High","YES"
1514,TRUE,"Late_High","YES"
151,TRUE,"Late_High","NO"
155,TRUE,"Late_High","NO"
158,TRUE,"Late_High","NO"
159,TRUE,"Late_High","NO"
162,TRUE,"Late_High","NO"
164,FALSE,"Late_High","NO"
165,TRUE,"Late_High","NO"
168,TRUE,"Late_High","NO"
170,TRUE,"Late_High","NO"
172,TRUE,"Late_High","NO"
173,TRUE,"Late_High","NO"
175,FALSE,"Late_High","NO"
176,TRUE,"Late_High","NO"
181,FALSE,"Late_High","NO"
187,FALSE,"Late_High","NO"
188,FALSE,"Late_High","NO"
189,TRUE,"Late_High","NO"
192,TRUE,"Late_High","NO"
194,TRUE,"Late_High","NO"
197,TRUE,"Late_High","NO"
200,TRUE,"Late_High","NO"
201,FALSE,"Late_High","NO"
202,TRUE,"Late_High","NO"
203,FALSE,"Late_High","NO"
204,TRUE,"Late_High","NO"
208,FALSE,"Late_High","NO"
212,TRUE,"Late_High","NO"
214,TRUE,"Late_High","NO"
215,TRUE,"Late_High","NO"
216,TRUE,"Late_High","NO"
218,TRUE,"Late_High","NO"
219,TRUE,"Late_High","NO"
220,TRUE,"Late_High","NO"
222,TRUE,"Late_High","NO"
223,TRUE,"Late_High","NO"
224,TRUE,"Late_High","NO"
225,TRUE,"Late_High","NO"
226,TRUE,"Late_High","NO"
229,TRUE,"Late_High","NO"
231,FALSE,"Late_High","NO"
232,FALSE,"Late_High","NO"
233,TRUE,"Late_High","NO"
236,FALSE,"Late_High","NO"
238,TRUE,"Late_High","NO"
239,TRUE,"Late_High","NO"
240,TRUE,"Late_High","NO"
241,TRUE,"Late_High","NO"
243,TRUE,"Late_High","NO"
247,TRUE,"Late_High","NO"
250,FALSE,"Late_High","NO"
252,FALSE,"Late_High","NO"
253,TRUE,"Late_High","NO"
254,FALSE,"Late_High","NO"
255,TRUE,"Late_High","NO"
256,TRUE,"Late_High","NO"
257,FALSE,"Late_High","NO"
259,TRUE,"Late_High","NO"
261,TRUE,"Late_High","NO"
262,FALSE,"Late_High","NO"
263,TRUE,"Late_High","NO"
264,FALSE,"Late_High","NO"
267,TRUE,"Late_High","NO"
269,TRUE,"Late_High","NO"
270,TRUE,"Late_High","NO"
273,TRUE,"Late_High","NO"
274,TRUE,"Late_High","NO"
275,FALSE,"Late_High","NO"
279,FALSE,"Late_High","NO"
282,FALSE,"Late_High","NO"
283,FALSE,"Late_High","NO"
284,TRUE,"Late_High","NO"
288,TRUE,"Late_High","NO"
291,TRUE,"Late_High","NO"
292,TRUE,"Late_High","NO"
293,TRUE,"Late_High","NO"
295,TRUE,"Late_High","NO"
296,TRUE,"Late_High","NO"
297,TRUE,"Late_High","NO"
298,TRUE,"Late_High","NO"
300,TRUE,"Late_High","NO"
301,FALSE,"Late_High","NO"
303,FALSE,"Late_High","NO"
304,TRUE,"Late_High","NO"
305,TRUE,"Late_High","NO"
308,TRUE,"Late_High","NO"
311,FALSE,"Late_High","NO"
313,TRUE,"Late_High","NO"
315,TRUE,"Late_High","NO"
316,TRUE,"Late_High","NO"
319,TRUE,"Late_High","NO"
320,FALSE,"Late_High","NO"
321,TRUE,"Late_High","NO"
322,TRUE,"Late_High","NO"
323,TRUE,"Late_High","NO"
326,TRUE,"Late_High","NO"
328,TRUE,"Late_High","NO"
330,TRUE,"Late_High","NO"
333,TRUE,"Late_High","NO"
334,TRUE,"Late_High","NO"
336,FALSE,"Late_High","NO"
338,TRUE,"Late_High","NO"
341,TRUE,"Late_High","NO"
343,TRUE,"Late_High","NO"
345,TRUE,"Late_High","NO"
348,TRUE,"Late_High","NO"
350,TRUE,"Late_High","NO"
353,TRUE,"Late_High","NO"
356,TRUE,"Late_High","NO"
358,TRUE,"Late_High","NO"
361,TRUE,"Late_High","NO"
362,TRUE,"Late_High","NO"
365,TRUE,"Late_High","NO"
366,TRUE,"Late_High","NO"
368,FALSE,"Late_High","NO"
372,TRUE,"Late_High","NO"
376,TRUE,"Late_High","NO"
377,FALSE,"Late_High","NO"
378,TRUE,"Late_High","NO"
380,TRUE,"Late_High","NO"
381,TRUE,"Late_High","NO"
382,TRUE,"Late_High","NO"
386,FALSE,"Late_High","NO"
388,TRUE,"Late_High","NO"
389,TRUE,"Late_High","NO"
390,FALSE,"Late_High","NO"
394,TRUE,"Late_High","NO"
395,FALSE,"Late_High","NO"
397,TRUE,"Late_High","NO"
398,TRUE,"Late_High","NO"
401,TRUE,"Late_High","NO"
404,TRUE,"Late_High","NO"
405,FALSE,"Late_High","NO"
406,FALSE,"Late_High","NO"
407,TRUE,"Late_High","NO"
408,TRUE,"Late_High","NO"
410,TRUE,"Late_High","NO"
411,TRUE,"Late_High","NO"
412,TRUE,"Late_High","NO"
413,TRUE,"Late_High","NO"
414,TRUE,"Late_High","NO"
415,TRUE,"Late_High","NO"
417,TRUE,"Late_High","NO"
420,TRUE,"Late_High","NO"
422,FALSE,"Late_High","NO"
423,TRUE,"Late_High","NO"
424,TRUE,"Late_High","NO"
426,TRUE,"Late_High","NO"
428,TRUE,"Late_High","NO"
429,TRUE,"Late_High","NO"
430,FALSE,"Late_High","NO"
431,TRUE,"Late_High","NO"
432,FALSE,"Late_High","NO"
436,TRUE,"Late_High","NO"
437,TRUE,"Late_High","NO"
438,TRUE,"Late_High","NO"
440,TRUE,"Late_High","NO"
444,TRUE,"Late_High","NO"
451,TRUE,"Late_High","NO"
452,FALSE,"Late_High","NO"
455,FALSE,"Late_High","NO"
456,TRUE,"Late_High","NO"
458,TRUE,"Late_High","NO"
459,TRUE,"Late_High","NO"
462,FALSE,"Late_High","NO"
465,TRUE,"Late_High","NO"
472,TRUE,"Late_High","NO"
473,TRUE,"Late_High","NO"
477,TRUE,"Late_High","NO"
478,TRUE,"Late_High","NO"
481,FALSE,"Late_High","NO"
485,TRUE,"Late_High","NO"
486,TRUE,"Late_High","NO"
487,FALSE,"Late_High","NO"
489,FALSE,"Late_High","NO"
491,FALSE,"Late_High","NO"
493,FALSE,"Late_High","NO"
495,TRUE,"Late_High","NO"
497,TRUE,"Late_High","NO"
498,TRUE,"Late_High","NO"
499,TRUE,"Late_High","NO"
500,TRUE,"Late_High","NO"
501,TRUE,"Late_High","NO"
507,FALSE,"Late_High","NO"
509,TRUE,"Late_High","NO"
515,TRUE,"Late_High","NO"
516,TRUE,"Late_High","NO"
518,TRUE,"Late_High","NO"
519,FALSE,"Late_High","NO"
520,TRUE,"Late_High","NO"
525,TRUE,"Late_High","NO"
526,TRUE,"Late_High","NO"
529,FALSE,"Late_High","NO"
530,FALSE,"Late_High","NO"
531,TRUE,"Late_High","NO"
533,TRUE,"Late_High","NO"
535,TRUE,"Late_High","NO"
536,TRUE,"Late_High","NO"
537,FALSE,"Late_High","NO"
539,TRUE,"Late_High","NO"
541,TRUE,"Late_High","NO"
545,TRUE,"Late_High","NO"
547,TRUE,"Late_High","NO"
548,FALSE,"Late_High","NO"
550,TRUE,"Late_High","NO"
553,FALSE,"Late_High","NO"
556,TRUE,"Late_High","NO"
557,FALSE,"Late_High","NO"
559,TRUE,"Late_High","NO"
560,TRUE,"Late_High","NO"
561,TRUE,"Late_High","NO"
562,TRUE,"Late_High","NO"
567,TRUE,"Late_High","NO"
568,TRUE,"Late_High","NO"
574,TRUE,"Late_High","NO"
576,TRUE,"Late_High","NO"
578,TRUE,"Late_High","NO"
580,TRUE,"Late_High","NO"
583,TRUE,"Late_High","NO"
585,FALSE,"Late_High","NO"
588,TRUE,"Late_High","NO"
589,FALSE,"Late_High","NO"
590,FALSE,"Late_High","NO"
597,FALSE,"Late_High","NO"
599,FALSE,"Late_High","NO"
600,FALSE,"Late_High","NO"
601,FALSE,"Late_High","NO"
602,FALSE,"Late_High","NO"
605,FALSE,"Late_High","NO"
606,TRUE,"Late_High","NO"
607,TRUE,"Late_High","NO"
608,TRUE,"Late_High","NO"
610,TRUE,"Late_High","NO"
611,TRUE,"Late_High","NO"
612,TRUE,"Late_High","NO"
615,FALSE,"Late_High","NO"
620,TRUE,"Late_High","NO"
621,TRUE,"Late_High","NO"
622,FALSE,"Late_High","NO"
623,TRUE,"Late_High","NO"
624,TRUE,"Late_High","NO"
625,TRUE,"Late_High","NO"
634,TRUE,"Late_High","NO"
640,TRUE,"Late_High","NO"
641,FALSE,"Late_High","NO"
644,FALSE,"Late_High","NO"
650,TRUE,"Late_High","NO"
651,TRUE,"Late_High","NO"
654,TRUE,"Late_High","NO"
655,FALSE,"Late_High","NO"
656,TRUE,"Late_High","NO"
657,TRUE,"Late_High","NO"
659,TRUE,"Late_High","NO"
663,TRUE,"Late_High","NO"
664,TRUE,"Late_High","NO"
666,FALSE,"Late_High","NO"
667,TRUE,"Late_High","NO"
668,TRUE,"Late_High","NO"
669,FALSE,"Late_High","NO"
670,TRUE,"Late_High","NO"
673,FALSE,"Late_High","NO"
676,FALSE,"Late_High","NO"
678,FALSE,"Late_High","NO"
680,TRUE,"Late_High","NO"
683,FALSE,"Late_High","NO"
684,TRUE,"Late_High","NO"
685,TRUE,"Late_High","NO"
686,TRUE,"Late_High","NO"
687,TRUE,"Late_High","NO"
689,FALSE,"Late_High","NO"
690,FALSE,"Late_High","NO"
697,TRUE,"Late_High","NO"
698,TRUE,"Late_High","NO"
701,TRUE,"Late_High","NO"
705,FALSE,"Late_High","NO"
706,FALSE,"Late_High","NO"
709,TRUE,"Late_High","NO"
712,TRUE,"Late_High","NO"
715,FALSE,"Late_High","NO"
716,TRUE,"Late_High","NO"
719,FALSE,"Late_High","NO"
720,TRUE,"Late_High","NO"
721,TRUE,"Late_High","NO"
723,TRUE,"Late_High","NO"
725,TRUE,"Late_High","NO"
727,TRUE,"Late_High","NO"
729,TRUE,"Late_High","NO"
733,TRUE,"Late_High","NO"
735,FALSE,"Late_High","NO"
736,TRUE,"Late_High","NO"
738,FALSE,"Late_High","NO"
739,TRUE,"Late_High","NO"
742,FALSE,"Late_High","NO"
743,TRUE,"Late_High","NO"
744,FALSE,"Late_High","NO"
749,TRUE,"Late_High","NO"
751,TRUE,"Late_High","NO"
752,TRUE,"Late_High","NO"
754,FALSE,"Late_High","NO"
761,TRUE,"Late_High","NO"
763,TRUE,"Late_High","NO"
769,TRUE,"Late_High","NO"
770,TRUE,"Late_High","NO"
771,TRUE,"Late_High","NO"
776,FALSE,"Late_High","NO"
777,TRUE,"Late_High","NO"
780,TRUE,"Late_High","NO"
781,TRUE,"Late_High","NO"
782,TRUE,"Late_High","NO"
785,TRUE,"Late_High","NO"
786,TRUE,"Late_High","NO"
789,TRUE,"Late_High","NO"
793,TRUE,"Late_High","NO"
794,TRUE,"Late_High","NO"
796,TRUE,"Late_High","NO"
800,TRUE,"Late_High","NO"
805,FALSE,"Late_High","NO"
809,FALSE,"Late_High","NO"
811,TRUE,"Late_High","NO"
812,TRUE,"Late_High","NO"
814,FALSE,"Late_High","NO"
815,FALSE,"Late_High","NO"
816,TRUE,"Late_High","NO"
817,FALSE,"Late_High","NO"
819,TRUE,"Late_High","NO"
820,TRUE,"Late_High","NO"
821,FALSE,"Late_High","NO"
824,TRUE,"Late_High","NO"
826,TRUE,"Late_High","NO"
829,TRUE,"Late_High","NO"
831,TRUE,"Late_High","NO"
833,FALSE,"Late_High","NO"
834,TRUE,"Late_High","NO"
835,FALSE,"Late_High","NO"
836,TRUE,"Late_High","NO"
838,TRUE,"Late_High","NO"
840,TRUE,"Late_High","NO"
841,TRUE,"Late_High","NO"
843,TRUE,"Late_High","NO"
853,TRUE,"Late_High","NO"
854,FALSE,"Late_High","NO"
856,TRUE,"Late_High","NO"
858,FALSE,"Late_High","NO"
861,TRUE,"Late_High","NO"
863,TRUE,"Late_High","NO"
868,TRUE,"Late_High","NO"
870,TRUE,"Late_High","NO"
871,TRUE,"Late_High","NO"
872,FALSE,"Late_High","NO"
874,FALSE,"Late_High","NO"
876,TRUE,"Late_High","NO"
879,TRUE,"Late_High","NO"
881,TRUE,"Late_High","NO"
882,FALSE,"Late_High","NO"
883,TRUE,"Late_High","NO"
884,TRUE,"Late_High","NO"
888,FALSE,"Late_High","NO"
890,FALSE,"Late_High","NO"
893,TRUE,"Late_High","NO"
895,FALSE,"Late_High","NO"
896,TRUE,"Late_High","NO"
897,FALSE,"Late_High","NO"
899,TRUE,"Late_High","NO"
901,TRUE,"Late_High","NO"
902,TRUE,"Late_High","NO"
903,TRUE,"Late_High","NO"
904,FALSE,"Late_High","NO"
908,TRUE,"Late_High","NO"
911,TRUE,"Late_High","NO"
914,TRUE,"Late_High","NO"
915,TRUE,"Late_High","NO"
916,TRUE,"Late_High","NO"
920,FALSE,"Late_High","NO"
921,TRUE,"Late_High","NO"
924,TRUE,"Late_High","NO"
930,TRUE,"Late_High","NO"
931,TRUE,"Late_High","NO"
932,TRUE,"Late_High","NO"
933,TRUE,"Late_High","NO"
934,TRUE,"Late_High","NO"
935,TRUE,"Late_High","NO"
937,FALSE,"Late_High","NO"
939,TRUE,"Late_High","NO"
940,TRUE,"Late_High","NO"
941,TRUE,"Late_High","NO"
943,TRUE,"Late_High","NO"
954,FALSE,"Late_High","NO"
956,TRUE,"Late_High","NO"
957,TRUE,"Late_High","NO"
961,TRUE,"Late_High","NO"
962,TRUE,"Late_High","NO"
963,TRUE,"Late_High","NO"
966,FALSE,"Late_High","NO"
973,TRUE,"Late_High","NO"
974,TRUE,"Late_High","NO"
977,FALSE,"Late_High","NO"
978,TRUE,"Late_High","NO"
979,TRUE,"Late_High","NO"
981,TRUE,"Late_High","NO"
983,TRUE,"Late_High","NO"
984,TRUE,"Late_High","NO"
985,FALSE,"Late_High","NO"
986,TRUE,"Late_High","NO"
989,TRUE,"Late_High","NO"
996,FALSE,"Late_High","NO"
997,TRUE,"Late_High","NO"
998,FALSE,"Late_High","NO"
999,TRUE,"Late_High","NO"
1000,TRUE,"Late_High","NO"
1002,TRUE,"Late_High","NO"
1003,TRUE,"Late_High","NO"
1009,TRUE,"Late_High","NO"
1010,TRUE,"Late_High","NO"
1012,TRUE,"Late_High","NO"
1013,TRUE,"Late_High","NO"
1018,TRUE,"Late_High","NO"
1024,TRUE,"Late_High","NO"
1031,TRUE,"Late_High","NO"
1033,TRUE,"Late_High","NO"
1034,TRUE,"Late_High","NO"
1035,FALSE,"Late_High","NO"
1036,TRUE,"Late_High","NO"
1037,TRUE,"Late_High","NO"
1040,TRUE,"Late_High","NO"
1042,TRUE,"Late_High","NO"
1043,TRUE,"Late_High","NO"
1048,TRUE,"Late_High","NO"
1049,TRUE,"Late_High","NO"
1050,TRUE,"Late_High","NO"
1054,TRUE,"Late_High","NO"
1056,FALSE,"Late_High","NO"
1057,FALSE,"Late_High","NO"
1058,TRUE,"Late_High","NO"
1059,FALSE,"Late_High","NO"
1060,TRUE,"Late_High","NO"
1062,TRUE,"Late_High","NO"
1064,TRUE,"Late_High","NO"
1066,TRUE,"Late_High","NO"
1067,TRUE,"Late_High","NO"
1068,TRUE,"Late_High","NO"
1073,FALSE,"Late_High","NO"
1079,TRUE,"Late_High","NO"
1083,TRUE,"Late_High","NO"
1085,TRUE,"Late_High","NO"
1087,TRUE,"Late_High","NO"
1088,FALSE,"Late_High","NO"
1090,TRUE,"Late_High","NO"
1093,TRUE,"Late_High","NO"
1094,TRUE,"Late_High","NO"
1095,TRUE,"Late_High","NO"
1098,TRUE,"Late_High","NO"
1100,TRUE,"Late_High","NO"
1104,TRUE,"Late_High","NO"
1108,FALSE,"Late_High","NO"
1109,TRUE,"Late_High","NO"
1112,FALSE,"Late_High","NO"
1114,TRUE,"Late_High","NO"
1115,TRUE,"Late_High","NO"
1116,TRUE,"Late_High","NO"
1117,TRUE,"Late_High","NO"
1121,TRUE,"Late_High","NO"
1125,TRUE,"Late_High","NO"
1129,FALSE,"Late_High","NO"
1130,TRUE,"Late_High","NO"
1133,TRUE,"Late_High","NO"
1136,TRUE,"Late_High","NO"
1137,TRUE,"Late_High","NO"
1139,FALSE,"Late_High","NO"
1141,TRUE,"Late_High","NO"
1144,TRUE,"Late_High","NO"
1145,TRUE,"Late_High","NO"
1146,FALSE,"Late_High","NO"
1150,FALSE,"Late_High","NO"
1151,TRUE,"Late_High","NO"
1153,TRUE,"Late_High","NO"
1155,FALSE,"Late_High","NO"
1157,TRUE,"Late_High","NO"
1159,TRUE,"Late_High","NO"
1161,TRUE,"Late_High","NO"
1164,TRUE,"Late_High","NO"
1167,TRUE,"Late_High","NO"
1170,FALSE,"Late_High","NO"
1171,FALSE,"Late_High","NO"
1172,FALSE,"Late_High","NO"
1175,FALSE,"Late_High","NO"
1177,FALSE,"Late_High","NO"
1178,TRUE,"Late_High","NO"
1180,FALSE,"Late_High","NO"
1181,TRUE,"Late_High","NO"
1184,TRUE,"Late_High","NO"
1185,TRUE,"Late_High","NO"
1186,FALSE,"Late_High","NO"
1188,TRUE,"Late_High","NO"
1193,FALSE,"Late_High","NO"
1194,FALSE,"Late_High","NO"
1196,TRUE,"Late_High","NO"
1197,TRUE,"Late_High","NO"
1198,TRUE,"Late_High","NO"
1210,TRUE,"Late_High","NO"
1212,TRUE,"Late_High","NO"
1213,FALSE,"Late_High","NO"
1215,TRUE,"Late_High","NO"
1217,TRUE,"Late_High","NO"
1219,TRUE,"Late_High","NO"
1222,TRUE,"Late_High","NO"
1224,FALSE,"Late_High","NO"
1227,FALSE,"Late_High","NO"
1228,TRUE,"Late_High","NO"
1236,FALSE,"Late_High","NO"
1237,TRUE,"Late_High","NO"
1240,TRUE,"Late_High","NO"
1241,FALSE,"Late_High","NO"
1245,TRUE,"Late_High","NO"
1246,TRUE,"Late_High","NO"
1251,TRUE,"Late_High","NO"
1253,TRUE,"Late_High","NO"
1255,FALSE,"Late_High","NO"
1256,TRUE,"Late_High","NO"
1257,TRUE,"Late_High","NO"
1258,TRUE,"Late_High","NO"
1262,FALSE,"Late_High","NO"
1267,FALSE,"Late_High","NO"
1268,TRUE,"Late_High","NO"
1269,TRUE,"Late_High","NO"
1270,FALSE,"Late_High","NO"
1273,TRUE,"Late_High","NO"
1274,TRUE,"Late_High","NO"
1276,FALSE,"Late_High","NO"
1277,TRUE,"Late_High","NO"
1278,TRUE,"Late_High","NO"
1279,TRUE,"Late_High","NO"
1280,TRUE,"Late_High","NO"
1281,TRUE,"Late_High","NO"
1284,TRUE,"Late_High","NO"
1287,TRUE,"Late_High","NO"
1294,FALSE,"Late_High","NO"
1298,TRUE,"Late_High","NO"
1304,FALSE,"Late_High","NO"
1311,TRUE,"Late_High","NO"
1313,TRUE,"Late_High","NO"
1314,TRUE,"Late_High","NO"
1316,TRUE,"Late_High","NO"
1319,TRUE,"Late_High","NO"
1320,FALSE,"Late_High","NO"
1325,FALSE,"Late_High","NO"
1327,FALSE,"Late_High","NO"
1328,TRUE,"Late_High","NO"
1332,TRUE,"Late_High","NO"
1333,FALSE,"Late_High","NO"
1335,TRUE,"Late_High","NO"
1336,TRUE,"Late_High","NO"
1338,TRUE,"Late_High","NO"
1340,TRUE,"Late_High","NO"
1344,TRUE,"Late_High","NO"
1345,TRUE,"Late_High","NO"
1349,TRUE,"Late_High","NO"
1350,TRUE,"Late_High","NO"
1351,TRUE,"Late_High","NO"
1353,TRUE,"Late_High","NO"
1354,TRUE,"Late_High","NO"
1356,TRUE,"Late_High","NO"
1357,TRUE,"Late_High","NO"
1359,FALSE,"Late_High","NO"
1362,FALSE,"Late_High","NO"
1363,TRUE,"Late_High","NO"
1364,TRUE,"Late_High","NO"
1368,TRUE,"Late_High","NO"
1369,TRUE,"Late_High","NO"
1371,TRUE,"Late_High","NO"
1372,TRUE,"Late_High","NO"
1374,TRUE,"Late_High","NO"
1375,TRUE,"Late_High","NO"
1379,TRUE,"Late_High","NO"
1383,TRUE,"Late_High","NO"
1384,TRUE,"Late_High","NO"
1385,FALSE,"Late_High","NO"
1386,TRUE,"Late_High","NO"
1387,TRUE,"Late_High","NO"
1390,FALSE,"Late_High","NO"
1393,FALSE,"Late_High","NO"
1396,TRUE,"Late_High","NO"
1397,TRUE,"Late_High","NO"
1399,TRUE,"Late_High","NO"
1400,TRUE,"Late_High","NO"
1401,TRUE,"Late_High","NO"
1403,TRUE,"Late_High","NO"
1406,TRUE,"Late_High","NO"
1407,TRUE,"Late_High","NO"
1409,FALSE,"Late_High","NO"
1412,FALSE,"Late_High","NO"
1421,TRUE,"Late_High","NO"
1426,TRUE,"Late_High","NO"
1436,TRUE,"Late_High","NO"
1438,TRUE,"Late_High","NO"
1439,TRUE,"Late_High","NO"
1441,TRUE,"Late_High","NO"
1442,TRUE,"Late_High","NO"
1444,TRUE,"Late_High","NO"
1446,FALSE,"Late_High","NO"
1447,TRUE,"Late_High","NO"
1448,TRUE,"Late_High","NO"
1449,TRUE,"Late_High","NO"
1452,FALSE,"Late_High","NO"
1457,TRUE,"Late_High","NO"
1459,TRUE,"Late_High","NO"
1460,TRUE,"Late_High","NO"
1463,TRUE,"Late_High","NO"
1464,TRUE,"Late_High","NO"
1465,TRUE,"Late_High","NO"
1466,TRUE,"Late_High","NO"
1472,FALSE,"Late_High","NO"
1473,TRUE,"Late_High","NO"
1474,FALSE,"Late_High","NO"
1475,TRUE,"Late_High","NO"
1478,TRUE,"Late_High","NO"
1479,FALSE,"Late_High","NO"
1480,TRUE,"Late_High","NO"
1485,TRUE,"Late_High","NO"
1491,TRUE,"Late_High","NO"
1493,TRUE,"Late_High","NO"
1496,TRUE,"Late_High","NO"
1498,TRUE,"Late_High","NO"
1500,TRUE,"Late_High","NO"
1505,FALSE,"Late_High","NO"
1507,TRUE,"Late_High","NO"
1510,TRUE,"Late_High","NO"
1512,FALSE,"Late_High","NO"
1515,TRUE,"Late_High","NO"
1516,FALSE,"Late_High","NO"
1517,TRUE,"Late_High","NO"
1521,TRUE,"Late_High","NO"
156,TRUE,"Flat","NO"
196,TRUE,"Flat","NO"
249,TRUE,"Flat","NO"
290,FALSE,"Flat","NO"
409,TRUE,"Flat","NO"
457,FALSE,"Flat","NO"
566,TRUE,"Flat","NO"
569,FALSE,"Flat","NO"
660,TRUE,"Flat","NO"
682,TRUE,"Flat","NO"
741,FALSE,"Flat","NO"
756,TRUE,"Flat","NO"
808,FALSE,"Flat","NO"
825,FALSE,"Flat","NO"
839,FALSE,"Flat","NO"
970,FALSE,"Flat","NO"
975,FALSE,"Flat","NO"
992,TRUE,"Flat","NO"
1134,FALSE,"Flat","NO"
1248,TRUE,"Flat","NO"
1263,FALSE,"Flat","NO"
1275,TRUE,"Flat","NO"
1301,TRUE,"Flat","NO"
1331,FALSE,"Flat","NO"
1342,TRUE,"Flat","NO"
1389,TRUE,"Flat","NO"
1422,TRUE,"Flat","NO"
1428,TRUE,"Flat","NO"
1429,FALSE,"Flat","NO"
1451,TRUE,"Flat","NO"
167,TRUE,"Flat","YES"
180,TRUE,"Flat","YES"
213,FALSE,"Flat","YES"
221,TRUE,"Flat","YES"
299,FALSE,"Flat","YES"
329,TRUE,"Flat","YES"
340,TRUE,"Flat","YES"
357,FALSE,"Flat","YES"
364,FALSE,"Flat","YES"
371,TRUE,"Flat","YES"
374,TRUE,"Flat","YES"
399,FALSE,"Flat","YES"
400,TRUE,"Flat","YES"
419,TRUE,"Flat","YES"
434,TRUE,"Flat","YES"
450,TRUE,"Flat","YES"
461,TRUE,"Flat","YES"
482,FALSE,"Flat","YES"
483,TRUE,"Flat","YES"
514,FALSE,"Flat","YES"
521,FALSE,"Flat","YES"
524,FALSE,"Flat","YES"
540,TRUE,"Flat","YES"
543,TRUE,"Flat","YES"
554,FALSE,"Flat","YES"
582,FALSE,"Flat","YES"
609,TRUE,"Flat","YES"
619,TRUE,"Flat","YES"
626,TRUE,"Flat","YES"
627,FALSE,"Flat","YES"
628,FALSE,"Flat","YES"
629,TRUE,"Flat","YES"
631,TRUE,"Flat","YES"
632,FALSE,"Flat","YES"
636,FALSE,"Flat","YES"
646,FALSE,"Flat","YES"
658,TRUE,"Flat","YES"
675,FALSE,"Flat","YES"
691,FALSE,"Flat","YES"
704,TRUE,"Flat","YES"
714,FALSE,"Flat","YES"
724,TRUE,"Flat","YES"
726,TRUE,"Flat","YES"
730,FALSE,"Flat","YES"
755,FALSE,"Flat","YES"
758,TRUE,"Flat","YES"
772,FALSE,"Flat","YES"
773,FALSE,"Flat","YES"
774,FALSE,"Flat","YES"
807,TRUE,"Flat","YES"
837,FALSE,"Flat","YES"
851,FALSE,"Flat","YES"
860,FALSE,"Flat","YES"
867,TRUE,"Flat","YES"
873,TRUE,"Flat","YES"
877,FALSE,"Flat","YES"
886,TRUE,"Flat","YES"
906,TRUE,"Flat","YES"
917,FALSE,"Flat","YES"
923,FALSE,"Flat","YES"
927,TRUE,"Flat","YES"
938,TRUE,"Flat","YES"
944,TRUE,"Flat","YES"
945,FALSE,"Flat","YES"
950,TRUE,"Flat","YES"
967,FALSE,"Flat","YES"
971,TRUE,"Flat","YES"
995,TRUE,"Flat","YES"
1014,FALSE,"Flat","YES"
1017,TRUE,"Flat","YES"
1022,FALSE,"Flat","YES"
1029,FALSE,"Flat","YES"
1055,TRUE,"Flat","YES"
1074,FALSE,"Flat","YES"
1078,TRUE,"Flat","YES"
1096,TRUE,"Flat","YES"
1103,FALSE,"Flat","YES"
1105,TRUE,"Flat","YES"
1119,TRUE,"Flat","YES"
1131,TRUE,"Flat","YES"
1140,TRUE,"Flat","YES"
1143,TRUE,"Flat","YES"
1149,FALSE,"Flat","YES"
1154,TRUE,"Flat","YES"
1195,FALSE,"Flat","YES"
1199,FALSE,"Flat","YES"
1201,TRUE,"Flat","YES"
1206,TRUE,"Flat","YES"
1220,FALSE,"Flat","YES"
1231,TRUE,"Flat","YES"
1252,FALSE,"Flat","YES"
1259,TRUE,"Flat","YES"
1261,TRUE,"Flat","YES"
1265,FALSE,"Flat","YES"
1282,TRUE,"Flat","YES"
1283,FALSE,"Flat","YES"
1299,TRUE,"Flat","YES"
1300,FALSE,"Flat","YES"
1307,TRUE,"Flat","YES"
1309,TRUE,"Flat","YES"
1352,TRUE,"Flat","YES"
1358,TRUE,"Flat","YES"
1380,FALSE,"Flat","YES"
1402,TRUE,"Flat","YES"
1413,TRUE,"Flat","YES"
1454,FALSE,"Flat","YES"
1469,TRUE,"Flat","YES"
1470,TRUE,"Flat","YES"
1488,FALSE,"Flat","YES"
1499,TRUE,"Flat","YES"
1502,FALSE,"Flat","YES"
1509,TRUE,"Flat","YES"
